{
  "n_pairs": 9,
  "spearman_derived": 0.43333333333333335,
  "pvalue_derived": 0.24395243588005172,
  "spearman_loomean": -1.0,
  "pvalue_loomean": 0.0,
  "spearman_constant": NaN,
  "pvalue_constant": NaN,
  "stability_note": "STABILITY WARNING: Spearman r on n=9 is extremely unstable. One rank swap changes r by ~0.02. Statistical significance requires r>0.65 at n=9 (p<0.05, two-sided). Do not interpret these numbers without docking/FEP orthogonal data.",
  "verdict": "[EXPLORATORY \u2014 Model 4] Derived selectivity not statistically significant at n=9 (r=0.433 < threshold).  Selectivity cannot be modeled at n=9; structure-based methods (docking, FEP) are the path.  Treat the 9 deltas as exploratory reference data, not a model.",
  "per_pair": [
    {
      "orig_idx": 0,
      "smiles": "C=CC(=O)Nc1cccc(Oc2nc(Nc3ccc(N4CCN(C)CC4)cc3OC)ncc2Cl)c1",
      "true_mutant": 8.96,
      "true_wt": 6.15,
      "true_delta": 2.8100000000000005,
      "pred_l858r": 7.66133735869837,
      "pred_wt": 6.174584865570068,
      "derived_delta": 1.4867524931283018,
      "loomean_pred": 0.5025,
      "err_backbone": -1.2986626413016307,
      "err_wt_proxy": 0.024584865570068004
    },
    {
      "orig_idx": 1,
      "smiles": "COc1cc2ncnc(Nc3ccc(F)c(Cl)c3)c2cc1OCCCN1CCN(CCC(=O)NCCCCCCCCOc2cccc3c2C(=O)N(C2CCC(=O)N(C)C2=O)C3=O)CC1",
      "true_mutant": 8.37,
      "true_wt": 8.52,
      "true_delta": -0.1500000000000003,
      "pred_l858r": 8.292570093276009,
      "pred_wt": 8.508410453796387,
      "derived_delta": -0.21584036052037803,
      "loomean_pred": 0.8725,
      "err_backbone": -0.07742990672399053,
      "err_wt_proxy": -0.011589546203612855
    },
    {
      "orig_idx": 2,
      "smiles": "COc1cc2ncnc(Nc3ccc(F)c(Cl)c3)c2cc1OCCCN1CCN(CCC(=O)NCCCCCCCCOc2cccc3c2C(=O)N(C2CCC(=O)NC2=O)C3=O)CC1",
      "true_mutant": 8.42,
      "true_wt": 8.74,
      "true_delta": -0.3200000000000003,
      "pred_l858r": 8.483834958093507,
      "pred_wt": 8.704862594604492,
      "derived_delta": -0.22102763651098556,
      "loomean_pred": 0.89375,
      "err_backbone": 0.0638349580935067,
      "err_wt_proxy": -0.035137405395508026
    },
    {
      "orig_idx": 3,
      "smiles": "COc1cc2ncnc(Nc3ccc(F)c(Cl)c3)c2cc1OCCCN1CCOCC1",
      "true_mutant": 9.435,
      "true_wt": 7.93,
      "true_delta": 1.504999999999999,
      "pred_l858r": 6.936269412991231,
      "pred_wt": 6.9879560470581055,
      "derived_delta": -0.05168663406687468,
      "loomean_pred": 0.6656250000000001,
      "err_backbone": -2.4987305870087697,
      "err_wt_proxy": -0.9420439529418942
    },
    {
      "orig_idx": 4,
      "smiles": "COc1cc2ncnc(Nc3cccc(Cl)c3F)c2cc1OC(=O)N1CCN(C)C[C@H]1C",
      "true_mutant": 8.91,
      "true_wt": 7.19,
      "true_delta": 1.7199999999999998,
      "pred_l858r": 7.951700580212804,
      "pred_wt": 8.105436325073242,
      "derived_delta": -0.1537357448604384,
      "loomean_pred": 0.63875,
      "err_backbone": -0.9582994197871963,
      "err_wt_proxy": 0.9154363250732418
    },
    {
      "orig_idx": 5,
      "smiles": "Cn1cnc2c(F)c(Nc3ccc(Br)cc3Cl)c(C(=O)NOCCO)cc21",
      "true_mutant": 5.1,
      "true_wt": 5.28,
      "true_delta": -0.1800000000000006,
      "pred_l858r": 5.292045663748877,
      "pred_wt": 5.313963413238525,
      "derived_delta": -0.02191774948964831,
      "loomean_pred": 0.8762500000000001,
      "err_backbone": 0.19204566374887744,
      "err_wt_proxy": 0.03396341323852514
    },
    {
      "orig_idx": 6,
      "smiles": "Nc1ccc2ncnc(Nc3cccc(Cl)c3)c2c1",
      "true_mutant": 8.39,
      "true_wt": 6.71,
      "true_delta": 1.6800000000000006,
      "pred_l858r": 7.367769173098322,
      "pred_wt": 7.0659356117248535,
      "derived_delta": 0.30183356137346884,
      "loomean_pred": 0.6437499999999999,
      "err_backbone": -1.0222308269016782,
      "err_wt_proxy": 0.35593561172485355
    },
    {
      "orig_idx": 7,
      "smiles": "O=C(Nc1ccc2nccc(Nc3cccc(Cl)c3)c2c1)C1CCC2(CC1)OOC1(O2)C2CC3CC(C2)CC1C3",
      "true_mutant": 6.73,
      "true_wt": 6.89,
      "true_delta": -0.1599999999999992,
      "pred_l858r": 6.770798476272156,
      "pred_wt": 6.7784552574157715,
      "derived_delta": -0.007656781143615454,
      "loomean_pred": 0.8737499999999999,
      "err_backbone": 0.040798476272155604,
      "err_wt_proxy": -0.1115447425842282
    },
    {
      "orig_idx": 8,
      "smiles": "O=C(Nc1ccc2ncnc(Nc3cccc(Cl)c3)c2c1)C1CCC2(CC1)OCC1(OO2)C2CC3CC(C2)CC1C3",
      "true_mutant": 6.855,
      "true_wt": 6.93,
      "true_delta": -0.0749999999999992,
      "pred_l858r": 6.878749135870495,
      "pred_wt": 7.219418048858643,
      "derived_delta": -0.3406689129881473,
      "loomean_pred": 0.8631249999999999,
      "err_backbone": 0.023749135870494875,
      "err_wt_proxy": 0.28941804885864286
    }
  ],
  "exploratory": true,
  "sign_convention": "selectivity_delta = pIC50_mutant - pIC50_wt; positive = mutant-selective",
  "mutant_model": "Model 1 backbone (random_forest)",
  "wt_model": "Model 2 WT-proxy (xgboost)",
  "caveats": [
    "All 9 pairs are in training data for both activity models (no activity holdout)",
    "Backbone and WT-proxy share ~80% training data; derived delta has large shared-noise component",
    "Spearman r on n=9 is extremely unstable"
  ]
}