{
  "n_steps": 50,
  "batch_size": 64,
  "sigma": 0.25,
  "lr": 0.0001,
  "temperature": 1.0,
  "eval_n": 512,
  "diversity_filter": {
    "enabled": true,
    "bucket_size": 25,
    "min_score": 0.3,
    "penalty": 0.0,
    "n_scaffolds_seen": 494,
    "n_scaffolds_saturated": 12,
    "n_molecules_penalized": 412
  },
  "pre_rl": {
    "n_generated": 512,
    "n_valid": 476,
    "n_unique": 381,
    "n_novel": 189,
    "validity": 0.9297,
    "uniqueness": 0.8004,
    "novelty": 0.4961,
    "n_scaffolds": 221,
    "scaffold_diversity": 0.5801,
    "n_novel_scaffolds": 67,
    "scaffold_novelty": 0.3032,
    "mean_pic50": 6.712,
    "admet_pass_rate": 0.312,
    "in_domain_rate": 0.884,
    "n_candidates": 189
  },
  "post_rl": {
    "n_generated": 512,
    "n_valid": 492,
    "n_unique": 333,
    "n_novel": 178,
    "validity": 0.9609,
    "uniqueness": 0.6768,
    "novelty": 0.5345,
    "n_scaffolds": 189,
    "scaffold_diversity": 0.5676,
    "n_novel_scaffolds": 67,
    "scaffold_novelty": 0.3545,
    "mean_pic50": 6.716,
    "admet_pass_rate": 0.483,
    "in_domain_rate": 0.871,
    "n_candidates": 178
  },
  "comparison": {
    "verdict": "INCONCLUSIVE",
    "detail": "pIC50 change < 0.10 \u2014 RL did not move the needle",
    "table": "\n  Metric                    Pre-RL   Post-RL    Delta  Dir\n  ----------------------------------------------------------\n  Validity                  93.0%     96.1%    +0.031  ^\n  Uniqueness                80.0%     67.7%    -0.124  v\n  Scaffold diversity        0.580     0.568    -0.012  v\n  Mean pred pIC50           6.712     6.716    +0.004  -\n  ADMET pass rate           31.2%     48.3%    +0.171  ^\n  In-domain rate            88.4%     87.1%    -0.013  v"
  },
  "step_log": [
    {
      "loss": 0.021914849057793617,
      "mean_reward": 0.08050170540809631,
      "mean_reward_raw": 0.08050170540809631,
      "n_penalized": 0,
      "mean_nll_agent": 0.3095002770423889,
      "mean_nll_prior": 0.2797805070877075,
      "validity": 0.796875,
      "step": 1
    },
    {
      "loss": 0.01666541025042534,
      "mean_reward": 0.03754333406686783,
      "mean_reward_raw": 0.03754333406686783,
      "n_penalized": 0,
      "mean_nll_agent": 0.2832567095756531,
      "mean_nll_prior": 0.2581649124622345,
      "validity": 0.8125,
      "step": 2
    },
    {
      "loss": 0.020750096067786217,
      "mean_reward": 0.1313776671886444,
      "mean_reward_raw": 0.1313776671886444,
      "n_penalized": 0,
      "mean_nll_agent": 0.2666570842266083,
      "mean_nll_prior": 0.24374549090862274,
      "validity": 0.84375,
      "step": 3
    },
    {
      "loss": 0.01817457564175129,
      "mean_reward": 0.026698559522628784,
      "mean_reward_raw": 0.026698559522628784,
      "n_penalized": 0,
      "mean_nll_agent": 0.2740442454814911,
      "mean_nll_prior": 0.258717805147171,
      "validity": 0.796875,
      "step": 4
    },
    {
      "loss": 0.018924372270703316,
      "mean_reward": 0.224957674741745,
      "mean_reward_raw": 0.224957674741745,
      "n_penalized": 0,
      "mean_nll_agent": 0.2878943979740143,
      "mean_nll_prior": 0.27272194623947144,
      "validity": 0.90625,
      "step": 5
    },
    {
      "loss": 0.024814849719405174,
      "mean_reward": 0.10467368364334106,
      "mean_reward_raw": 0.10467368364334106,
      "n_penalized": 0,
      "mean_nll_agent": 0.2806532680988312,
      "mean_nll_prior": 0.27116358280181885,
      "validity": 0.8125,
      "step": 6
    },
    {
      "loss": 0.022528357803821564,
      "mean_reward": 0.16351492702960968,
      "mean_reward_raw": 0.16351492702960968,
      "n_penalized": 0,
      "mean_nll_agent": 0.2828267216682434,
      "mean_nll_prior": 0.2735353112220764,
      "validity": 0.84375,
      "step": 7
    },
    {
      "loss": 0.021548818796873093,
      "mean_reward": 0.10125308483839035,
      "mean_reward_raw": 0.18871405720710754,
      "n_penalized": 8,
      "mean_nll_agent": 0.31144970655441284,
      "mean_nll_prior": 0.30003994703292847,
      "validity": 0.84375,
      "step": 8
    },
    {
      "loss": 0.019438575953245163,
      "mean_reward": 0.1832645982503891,
      "mean_reward_raw": 0.22959855198860168,
      "n_penalized": 5,
      "mean_nll_agent": 0.2617570459842682,
      "mean_nll_prior": 0.2514149844646454,
      "validity": 0.859375,
      "step": 9
    },
    {
      "loss": 0.025085076689720154,
      "mean_reward": -0.1134062334895134,
      "mean_reward_raw": -0.04817843437194824,
      "n_penalized": 6,
      "mean_nll_agent": 0.34359151124954224,
      "mean_nll_prior": 0.33795619010925293,
      "validity": 0.6875,
      "step": 10
    },
    {
      "loss": 0.01936194859445095,
      "mean_reward": -0.014521688222885132,
      "mean_reward_raw": 0.04848882555961609,
      "n_penalized": 7,
      "mean_nll_agent": 0.2990233600139618,
      "mean_nll_prior": 0.28392595052719116,
      "validity": 0.765625,
      "step": 11
    },
    {
      "loss": 0.01978818140923977,
      "mean_reward": 0.09992462396621704,
      "mean_reward_raw": 0.13495555520057678,
      "n_penalized": 3,
      "mean_nll_agent": 0.3064334988594055,
      "mean_nll_prior": 0.3061532974243164,
      "validity": 0.828125,
      "step": 12
    },
    {
      "loss": 0.01962098851799965,
      "mean_reward": 0.1195046454668045,
      "mean_reward_raw": 0.19073274731636047,
      "n_penalized": 7,
      "mean_nll_agent": 0.295097291469574,
      "mean_nll_prior": 0.28691840171813965,
      "validity": 0.828125,
      "step": 13
    },
    {
      "loss": 0.017447613179683685,
      "mean_reward": 0.03455481305718422,
      "mean_reward_raw": 0.08215061575174332,
      "n_penalized": 5,
      "mean_nll_agent": 0.284282386302948,
      "mean_nll_prior": 0.2805168628692627,
      "validity": 0.796875,
      "step": 14
    },
    {
      "loss": 0.02023908868432045,
      "mean_reward": 0.10059913992881775,
      "mean_reward_raw": 0.12373664975166321,
      "n_penalized": 3,
      "mean_nll_agent": 0.3304179906845093,
      "mean_nll_prior": 0.323140412569046,
      "validity": 0.8125,
      "step": 15
    },
    {
      "loss": 0.024623172357678413,
      "mean_reward": 0.011979609727859497,
      "mean_reward_raw": 0.09357605129480362,
      "n_penalized": 7,
      "mean_nll_agent": 0.30847394466400146,
      "mean_nll_prior": 0.30568647384643555,
      "validity": 0.78125,
      "step": 16
    },
    {
      "loss": 0.024106290191411972,
      "mean_reward": -0.013339206576347351,
      "mean_reward_raw": 0.12042127549648285,
      "n_penalized": 13,
      "mean_nll_agent": 0.3258920907974243,
      "mean_nll_prior": 0.3313593864440918,
      "validity": 0.765625,
      "step": 17
    },
    {
      "loss": 0.02867148630321026,
      "mean_reward": 0.04783982038497925,
      "mean_reward_raw": 0.08397088199853897,
      "n_penalized": 4,
      "mean_nll_agent": 0.30849701166152954,
      "mean_nll_prior": 0.31121450662612915,
      "validity": 0.765625,
      "step": 18
    },
    {
      "loss": 0.023733146488666534,
      "mean_reward": 0.01869630627334118,
      "mean_reward_raw": 0.0973982885479927,
      "n_penalized": 7,
      "mean_nll_agent": 0.30203011631965637,
      "mean_nll_prior": 0.2983380854129791,
      "validity": 0.78125,
      "step": 19
    },
    {
      "loss": 0.02453209087252617,
      "mean_reward": -0.026492677628993988,
      "mean_reward_raw": 0.05930972844362259,
      "n_penalized": 8,
      "mean_nll_agent": 0.3135867714881897,
      "mean_nll_prior": 0.3126846253871918,
      "validity": 0.75,
      "step": 20
    },
    {
      "loss": 0.023130567744374275,
      "mean_reward": 0.09048879891633987,
      "mean_reward_raw": 0.14571207761764526,
      "n_penalized": 6,
      "mean_nll_agent": 0.3011425733566284,
      "mean_nll_prior": 0.29138827323913574,
      "validity": 0.828125,
      "step": 21
    },
    {
      "loss": 0.018956784158945084,
      "mean_reward": 0.1493256837129593,